<?xml version="1.0" encoding="UTF-8"?><rss version="2.0"
	xmlns:content="http://purl.org/rss/1.0/modules/content/"
	xmlns:wfw="http://wellformedweb.org/CommentAPI/"
	xmlns:dc="http://purl.org/dc/elements/1.1/"
	xmlns:atom="http://www.w3.org/2005/Atom"
	xmlns:sy="http://purl.org/rss/1.0/modules/syndication/"
	xmlns:slash="http://purl.org/rss/1.0/modules/slash/"
	
	xmlns:georss="http://www.georss.org/georss"
	xmlns:geo="http://www.w3.org/2003/01/geo/wgs84_pos#"
	>

<channel>
	<title>Chưa phân loại &#8211; Sevenzia</title>
	<atom:link href="/danh-muc-san-pham/chua-phan-loai/feed/" rel="self" type="application/rss+xml" />
	<link></link>
	<description></description>
	<lastBuildDate>Wed, 22 Mar 2023 03:59:50 +0000</lastBuildDate>
	<language>vi</language>
	<sy:updatePeriod>
	hourly	</sy:updatePeriod>
	<sy:updateFrequency>
	1	</sy:updateFrequency>
	<generator>https://wordpress.org/?v=6.2</generator>
	<item>
		<title>SEVENPLUS Lazy Puppy Tee Version 2 &#8211; White</title>
		<link>/san-pham/sevenplus-lazy-puppy-tee-version-2-white-2/</link>
					<comments>/san-pham/sevenplus-lazy-puppy-tee-version-2-white-2/#respond</comments>
		
		<dc:creator><![CDATA[Giap Chi Cuong]]></dc:creator>
		<pubDate>Wed, 22 Mar 2023 03:54:25 +0000</pubDate>
				<guid isPermaLink="false">/?post_type=product#038;p=120</guid>

					<description><![CDATA[1. Thông tin sp: &#8211; Chất liệu: Cotton 2 chiều 100% cotton (định lượng vải: 220gsm), chất vải không quá  dày, mềm [&#8230;]]]></description>
										<content:encoded><![CDATA[<p><strong>1. Thông tin sp:</strong><br />
&#8211; Chất liệu: Cotton 2 chiều 100% cotton (định lượng vải: 220gsm), chất vải không quá  dày, mềm mịn, thoáng mát<br />
&#8211; Chất liệu, màu vải được nghiên cứu và sản xuất độc quyền bởi SEVENZIA®<br />
&#8211; Chi tiết trước và sau in lụa, phần tay có logo thêu<br />
&#8211; Form dáng: vừa vặn , không quá rộng, áo dài ngang hông<br />
<em>*Màu sắc sp sẽ thay đổi nhẹ tuỳ vào màn hình.</em></p>
<p><strong>2. Kích thước sp: </strong><br />
&#8211; Size 0: ~&lt;1m6, ~&lt;50kg<br />
&#8211; Size 1: ~1m6-1m68, ~50-58kg<br />
&#8211; Size 2: ~1m68-1m74, ~58-65kg<br />
&#8211; Size 3: ~&gt;1m75, ~65-70kg<br />
<em>*Vui lòng kéo đến hình cuối để xem số đo chi tiết.</em></p>
]]></content:encoded>
					
					<wfw:commentRss>/san-pham/sevenplus-lazy-puppy-tee-version-2-white-2/feed/</wfw:commentRss>
			<slash:comments>0</slash:comments>
		
		
			</item>
		<item>
		<title>SEVENPLUS Lazy Puppy Tee Version 2 &#8211; Red</title>
		<link>/san-pham/sevenplus-lazy-puppy-tee-version-2-red/</link>
					<comments>/san-pham/sevenplus-lazy-puppy-tee-version-2-red/#respond</comments>
		
		<dc:creator><![CDATA[Giap Chi Cuong]]></dc:creator>
		<pubDate>Wed, 22 Mar 2023 03:52:36 +0000</pubDate>
				<guid isPermaLink="false">/?post_type=product#038;p=119</guid>

					<description><![CDATA[1. Thông tin sp: &#8211; Chất liệu: Cotton 2 chiều 100% cotton (định lượng vải: 220gsm), chất vải không quá  dày, mềm [&#8230;]]]></description>
										<content:encoded><![CDATA[<p><strong>1. Thông tin sp:</strong><br />
&#8211; Chất liệu: Cotton 2 chiều 100% cotton (định lượng vải: 220gsm), chất vải không quá  dày, mềm mịn, thoáng mát<br />
&#8211; Chất liệu, màu vải được nghiên cứu và sản xuất độc quyền bởi SEVENZIA®<br />
&#8211; Chi tiết trước và sau in lụa, phần tay có logo thêu<br />
&#8211; Form dáng: vừa vặn , không quá rộng, áo dài ngang hông<br />
<em>*Màu sắc sp sẽ thay đổi nhẹ tuỳ vào màn hình.</em></p>
<p><strong>2. Kích thước sp: </strong><br />
&#8211; Size 0: ~&lt;1m6, ~&lt;50kg<br />
&#8211; Size 1: ~1m6-1m68, ~50-58kg<br />
&#8211; Size 2: ~1m68-1m74, ~58-65kg<br />
&#8211; Size 3: ~&gt;1m75, ~65-70kg<br />
<em>*Vui lòng kéo đến hình cuối để xem số đo chi tiết.</em></p>
]]></content:encoded>
					
					<wfw:commentRss>/san-pham/sevenplus-lazy-puppy-tee-version-2-red/feed/</wfw:commentRss>
			<slash:comments>0</slash:comments>
		
		
			</item>
		<item>
		<title>SEVENPLUS Lazy Puppy Tee Version 2 &#8211; Blue</title>
		<link>/san-pham/sevenplus-lazy-puppy-tee-version-2-blue/</link>
					<comments>/san-pham/sevenplus-lazy-puppy-tee-version-2-blue/#respond</comments>
		
		<dc:creator><![CDATA[Giap Chi Cuong]]></dc:creator>
		<pubDate>Wed, 22 Mar 2023 03:49:49 +0000</pubDate>
				<guid isPermaLink="false">/?post_type=product#038;p=118</guid>

					<description><![CDATA[1. Thông tin sp: &#8211; Chất liệu: Cotton 2 chiều 100% cotton (định lượng vải: 220gsm), chất vải không quá  dày, mềm [&#8230;]]]></description>
										<content:encoded><![CDATA[<p><strong>1. Thông tin sp:</strong><br />
&#8211; Chất liệu: Cotton 2 chiều 100% cotton (định lượng vải: 220gsm), chất vải không quá  dày, mềm mịn, thoáng mát<br />
&#8211; Chất liệu, màu vải được nghiên cứu và sản xuất độc quyền bởi SEVENZIA®<br />
&#8211; Chi tiết trước và sau in lụa, phần tay có logo thêu<br />
&#8211; Form dáng: vừa vặn , không quá rộng, áo dài ngang hông<br />
<em>*Màu sắc sp sẽ thay đổi nhẹ tuỳ vào màn hình.</em></p>
<p><strong>2. Kích thước sp: </strong><br />
&#8211; Size 0: ~&lt;1m6, ~&lt;50kg<br />
&#8211; Size 1: ~1m6-1m68, ~50-58kg<br />
&#8211; Size 2: ~1m68-1m74, ~58-65kg<br />
&#8211; Size 3: ~&gt;1m75, ~65-70kg<br />
<em>*Vui lòng kéo đến hình cuối để xem số đo chi tiết.</em></p>
]]></content:encoded>
					
					<wfw:commentRss>/san-pham/sevenplus-lazy-puppy-tee-version-2-blue/feed/</wfw:commentRss>
			<slash:comments>0</slash:comments>
		
		
			</item>
		<item>
		<title>SEVENPLUS Lazy Puppy Tee Version 2 &#8211; Beige</title>
		<link>/san-pham/sevenplus-lazy-puppy-tee-version-2-beige/</link>
					<comments>/san-pham/sevenplus-lazy-puppy-tee-version-2-beige/#respond</comments>
		
		<dc:creator><![CDATA[Giap Chi Cuong]]></dc:creator>
		<pubDate>Wed, 22 Mar 2023 03:48:22 +0000</pubDate>
				<guid isPermaLink="false">/?post_type=product#038;p=117</guid>

					<description><![CDATA[1. Thông tin sp: &#8211; Chất liệu: Cotton 2 chiều 100% cotton (định lượng vải: 220gsm), chất vải không quá  dày, mềm [&#8230;]]]></description>
										<content:encoded><![CDATA[<p><strong>1. Thông tin sp:</strong><br />
&#8211; Chất liệu: Cotton 2 chiều 100% cotton (định lượng vải: 220gsm), chất vải không quá  dày, mềm mịn, thoáng mát<br />
&#8211; Chất liệu, màu vải được nghiên cứu và sản xuất độc quyền bởi SEVENZIA®<br />
&#8211; Chi tiết trước và sau in lụa, phần tay có logo thêu<br />
&#8211; Form dáng: vừa vặn , không quá rộng, áo dài ngang hông<br />
<em>*Màu sắc sp sẽ thay đổi nhẹ tuỳ vào màn hình.</em></p>
<p><strong>2. Kích thước sp: </strong><br />
&#8211; Size 0: ~&lt;1m6, ~&lt;50kg<br />
&#8211; Size 1: ~1m6-1m68, ~50-58kg<br />
&#8211; Size 2: ~1m68-1m74, ~58-65kg<br />
&#8211; Size 3: ~&gt;1m75, ~65-70kg<br />
<em>*Vui lòng kéo đến hình cuối để xem số đo chi tiết.</em></p>
]]></content:encoded>
					
					<wfw:commentRss>/san-pham/sevenplus-lazy-puppy-tee-version-2-beige/feed/</wfw:commentRss>
			<slash:comments>0</slash:comments>
		
		
			</item>
		<item>
		<title>SEVENPLUS Lazy Puppy Tee Version 2 &#8211; Black</title>
		<link>/san-pham/sevenplus-lazy-puppy-tee-version-2-black/</link>
					<comments>/san-pham/sevenplus-lazy-puppy-tee-version-2-black/#respond</comments>
		
		<dc:creator><![CDATA[Giap Chi Cuong]]></dc:creator>
		<pubDate>Wed, 22 Mar 2023 03:33:09 +0000</pubDate>
				<guid isPermaLink="false">/?post_type=product#038;p=115</guid>

					<description><![CDATA[1. Thông tin sp: &#8211; Chất liệu: Cotton 2 chiều 100% cotton (định lượng vải: 220gsm), chất vải không quá  dày, mềm [&#8230;]]]></description>
										<content:encoded><![CDATA[<div class="fw w_100">
<div></div>
<div class="price-box"><strong>1. Thông tin sp:</strong></div>
</div>
<div class="product-summary product_description margin-bottom-0">
<div class="rte description rte-summary">
<p>&#8211; Chất liệu: Cotton 2 chiều 100% cotton (định lượng vải: 220gsm), chất vải không quá  dày, mềm mịn, thoáng mát<br />
&#8211; Chất liệu, màu vải được nghiên cứu và sản xuất độc quyền bởi SEVENZIA®<br />
&#8211; Chi tiết trước và sau in lụa, phần tay có logo thêu<br />
&#8211; Form dáng: vừa vặn , không quá rộng, áo dài ngang hông<br />
<em>*Màu sắc sp sẽ thay đổi nhẹ tuỳ vào màn hình.</em></p>
<p><strong>2. Kích thước sp: </strong><br />
&#8211; Size 0: ~&lt;1m6, ~&lt;50kg<br />
&#8211; Size 1: ~1m6-1m68, ~50-58kg<br />
&#8211; Size 2: ~1m68-1m74, ~58-65kg<br />
&#8211; Size 3: ~&gt;1m75, ~65-70kg<br />
<em>*Vui lòng kéo đến hình cuối để xem số đo chi tiết.</em></p>
</div>
</div>
<div class="ddict_btn" style="top: -12px; left: 982px;"><img decoding="async" src="chrome-extension://bpggmmljdiliancllaapiggllnkbjocb/logo/48.png" /></div>
]]></content:encoded>
					
					<wfw:commentRss>/san-pham/sevenplus-lazy-puppy-tee-version-2-black/feed/</wfw:commentRss>
			<slash:comments>0</slash:comments>
		
		
			</item>
	</channel>
</rss>
