<?xml version="1.0" encoding="UTF-8"?><rss version="2.0"
	xmlns:content="http://purl.org/rss/1.0/modules/content/"
	xmlns:wfw="http://wellformedweb.org/CommentAPI/"
	xmlns:dc="http://purl.org/dc/elements/1.1/"
	xmlns:atom="http://www.w3.org/2005/Atom"
	xmlns:sy="http://purl.org/rss/1.0/modules/syndication/"
	xmlns:slash="http://purl.org/rss/1.0/modules/slash/"
	
	xmlns:georss="http://www.georss.org/georss"
	xmlns:geo="http://www.w3.org/2003/01/geo/wgs84_pos#"
	>

<channel>
	<title>Project &#8211; Sevenzia</title>
	<atom:link href="/danh-muc-san-pham/project/feed/" rel="self" type="application/rss+xml" />
	<link></link>
	<description></description>
	<lastBuildDate>Wed, 22 Mar 2023 04:14:40 +0000</lastBuildDate>
	<language>vi</language>
	<sy:updatePeriod>
	hourly	</sy:updatePeriod>
	<sy:updateFrequency>
	1	</sy:updateFrequency>
	<generator>https://wordpress.org/?v=6.2</generator>
	<item>
		<title>Project Seven Tri-color Jacket &#8211; Red&#038;Navy</title>
		<link>/san-pham/project-seven-tri-color-jacket-rednavy/</link>
					<comments>/san-pham/project-seven-tri-color-jacket-rednavy/#respond</comments>
		
		<dc:creator><![CDATA[Giap Chi Cuong]]></dc:creator>
		<pubDate>Wed, 22 Mar 2023 04:14:39 +0000</pubDate>
				<guid isPermaLink="false">/?post_type=product#038;p=123</guid>

					<description><![CDATA[1. Thông tin sp: &#8211; Chất liệu: Vải dù 100% polyester tương đối dày dặn. &#8211; Logo thêu đắp trước ngực và sau lưng. [&#8230;]]]></description>
										<content:encoded><![CDATA[<p><strong>1. Thông tin sp:</strong><br />
&#8211; Chất liệu: Vải dù 100% polyester tương đối dày dặn.<br />
&#8211; Logo thêu đắp trước ngực và sau lưng.<br />
&#8211; Bên trong có lớp lót lưới thoáng mát.<br />
&#8211; Zipper HKK chính hãng.<br />
&#8211; Có tag vải 7zia bên hông.</p>
<p><strong>2. Kích thước sp: </strong><br />
&#8211; Size 1: ~1m50-1m65, &lt;55kg<br />
&#8211; Size 2: ~1m65-1m80, &gt;55kg<br />
<em>*Vui lòng kéo đến hình cuối để xem số đo chi tiết.</em></p>
<p><strong>3. Hướng dẫn đổi trả:</strong><br />
&#8211; Hỗ trợ đổi/trả trong vòng 7 ngày nếu sản phẩm bị lỗi sản xuất hoặc giao sai mẫu, với điều kiện còn nguyên tag, chưa qua sử dụng. (<em>Xem thêm</em>)<br />
&#8211; Hàng SALE: không áp dụng đổi trả, trừ sản phẩm bị lỗi sản xuất hoặc giao sai mẫu. (<em>Xem thêm</em>)</p>
]]></content:encoded>
					
					<wfw:commentRss>/san-pham/project-seven-tri-color-jacket-rednavy/feed/</wfw:commentRss>
			<slash:comments>0</slash:comments>
		
		
			</item>
		<item>
		<title>Project Seven Big Logo Jacket &#8211; Black&#038;Gray</title>
		<link>/san-pham/project-seven-big-logo-jacket-blackgray/</link>
					<comments>/san-pham/project-seven-big-logo-jacket-blackgray/#respond</comments>
		
		<dc:creator><![CDATA[Giap Chi Cuong]]></dc:creator>
		<pubDate>Wed, 22 Mar 2023 04:09:58 +0000</pubDate>
				<guid isPermaLink="false">/?post_type=product#038;p=121</guid>

					<description><![CDATA[1. Thông tin sp: &#8211; Chất liệu: Vải dù 100% polyester tương đối dày dặn. &#8211; Logo 7ZIA in lụa. &#8211; Bên trong có [&#8230;]]]></description>
										<content:encoded><![CDATA[<p><strong>1. Thông tin sp:</strong><br />
&#8211; Chất liệu: Vải dù 100% polyester tương đối dày dặn.<br />
&#8211; Logo 7ZIA in lụa.<br />
&#8211; Bên trong có lớp lót lưới thoáng mát.<br />
&#8211; Zipper HKK chính hãng.<br />
&#8211; Có tag vải 7zia.</p>
<p><strong>2. Kích thước sp: </strong><br />
&#8211; Size 1: ~1m50-1m65, &lt;55kg<br />
&#8211; Size 2: ~1m65-1m80, &gt;55kg<br />
<em>*Vui lòng kéo đến hình cuối để xem số đo chi tiết.</em></p>
<p><strong>3. Hướng dẫn đổi trả:</strong><br />
&#8211; Hỗ trợ đổi/trả trong vòng 7 ngày nếu sản phẩm bị lỗi sản xuất hoặc giao sai mẫu, với điều kiện còn nguyên tag, chưa qua sử dụng. (<em>Xem thêm</em>)<br />
&#8211; Hàng SALE: không áp dụng đổi trả, trừ sản phẩm bị lỗi sản xuất hoặc giao sai mẫu. (<em>Xem thêm</em>)</p>
<div class="ddict_btn" style="top: 250px; left: 172.3px;"><img decoding="async" src="chrome-extension://bpggmmljdiliancllaapiggllnkbjocb/logo/48.png" /></div>
]]></content:encoded>
					
					<wfw:commentRss>/san-pham/project-seven-big-logo-jacket-blackgray/feed/</wfw:commentRss>
			<slash:comments>0</slash:comments>
		
		
			</item>
	</channel>
</rss>
