<?xml version="1.0" encoding="UTF-8"?><rss version="2.0"
	xmlns:content="http://purl.org/rss/1.0/modules/content/"
	xmlns:wfw="http://wellformedweb.org/CommentAPI/"
	xmlns:dc="http://purl.org/dc/elements/1.1/"
	xmlns:atom="http://www.w3.org/2005/Atom"
	xmlns:sy="http://purl.org/rss/1.0/modules/syndication/"
	xmlns:slash="http://purl.org/rss/1.0/modules/slash/"
	
	xmlns:georss="http://www.georss.org/georss"
	xmlns:geo="http://www.w3.org/2003/01/geo/wgs84_pos#"
	>

<channel>
	<title>Giap Chi Cuong &#8211; Sevenzia</title>
	<atom:link href="/author/giap-chi-cuong/feed/" rel="self" type="application/rss+xml" />
	<link></link>
	<description></description>
	<lastBuildDate>Wed, 22 Mar 2023 03:09:08 +0000</lastBuildDate>
	<language>vi</language>
	<sy:updatePeriod>
	hourly	</sy:updatePeriod>
	<sy:updateFrequency>
	1	</sy:updateFrequency>
	<generator>https://wordpress.org/?v=6.2</generator>
	<item>
		<title>7ZIA Windbreaker Jacket &#8211; Black/White</title>
		<link>/2023/03/22/7zia-windbreaker-jacket-black-white/</link>
					<comments>/2023/03/22/7zia-windbreaker-jacket-black-white/#respond</comments>
		
		<dc:creator><![CDATA[Giap Chi Cuong]]></dc:creator>
		<pubDate>Wed, 22 Mar 2023 03:05:27 +0000</pubDate>
				<category><![CDATA[Jacket & Bomber]]></category>
		<category><![CDATA[SẢN PHẨM]]></category>
		<guid isPermaLink="false">/?p=99</guid>

					<description><![CDATA[7ZIA Windbreaker Jacket &#8211; Black/White Thương hiệu: Sevenzia &#124; Tình trạng: Còn hàng Giá: 266.000₫ 380.000₫ 1. Thông tin sp: &#8211; Chất liệu: Vải dù 100% polyester. [&#8230;]]]></description>
										<content:encoded><![CDATA[<div class="product-summary product_description margin-bottom-0">
<div class="rte description rte-summary">
<div class="fw w_100">
<div class="reviews_details_product">
<div class="bizweb-product-reviews-badge" data-id="20016908">
<div class="product-summary product_description margin-bottom-0">
<div class="rte description rte-summary">
<h1 class="title-product">7ZIA Windbreaker Jacket &#8211; Black/White</h1>
<div class="fw w_100">
<div class="group-status"></div>
<div class="reviews_details_product">
<div class="bizweb-product-reviews-badge" data-id="20016908"><a href="/wp-content/uploads/2023/03/4cf4844b-832b-453a-9a65-4d19683f9510.webp"><img decoding="async" class="alignleft wp-image-103 " src="/wp-content/uploads/2023/03/4cf4844b-832b-453a-9a65-4d19683f9510-300x300.webp" alt="" width="708" height="708" srcset="/wp-content/uploads/2023/03/4cf4844b-832b-453a-9a65-4d19683f9510-300x300.webp 300w, /wp-content/uploads/2023/03/4cf4844b-832b-453a-9a65-4d19683f9510-150x150.webp 150w, /wp-content/uploads/2023/03/4cf4844b-832b-453a-9a65-4d19683f9510-768x768.webp 768w, /wp-content/uploads/2023/03/4cf4844b-832b-453a-9a65-4d19683f9510-1000x1000.webp 1000w, /wp-content/uploads/2023/03/4cf4844b-832b-453a-9a65-4d19683f9510-230x230.webp 230w, /wp-content/uploads/2023/03/4cf4844b-832b-453a-9a65-4d19683f9510-350x350.webp 350w, /wp-content/uploads/2023/03/4cf4844b-832b-453a-9a65-4d19683f9510-480x480.webp 480w, /wp-content/uploads/2023/03/4cf4844b-832b-453a-9a65-4d19683f9510-420x420.webp 420w, /wp-content/uploads/2023/03/4cf4844b-832b-453a-9a65-4d19683f9510-800x800.webp 800w, /wp-content/uploads/2023/03/4cf4844b-832b-453a-9a65-4d19683f9510-100x100.webp 100w, /wp-content/uploads/2023/03/4cf4844b-832b-453a-9a65-4d19683f9510.webp 1024w" sizes="(max-width: 708px) 100vw, 708px" /></a></div>
</div>
<div><span class="first_status">Thương hiệu: <span class="status_name">Sevenzia</span></span> <span class="first_status status_2"><span class="line_tt hidden-sm">|</span> Tình trạng: <span class="status_name availabel">Còn hàng</span></span></div>
<div class="price-box"><span class="special-price"><span class="price product-price">Giá: 266.000₫</span> </span><span class="old-price"><del class="price product-price-old sale">380.000₫</del></span></div>
</div>
<div class="product-summary product_description margin-bottom-0">
<div class="rte description rte-summary">
<p><strong>1. Thông tin sp:</strong><br />
&#8211; Chất liệu: Vải dù 100% polyester.<br />
&#8211; Logo cao su SLC được thêu ở ngực trái<br />
&#8211; Áo có lớp lót lưới bên trong, thoáng mát.<br />
&#8211; Zipper HKK chính hãng.</p>
<p><strong>2. Kích thước sp: </strong><br />
&#8211; Size 1: ~1m50-1m65, &lt;55kg<br />
&#8211; Size 2: ~1m65-1m80, &gt;55kg<br />
<em>*Vui lòng kéo đến hình cuối để xem số đo chi tiết.</em></p>
<p><strong>3. Hướng dẫn đổi trả:</strong><br />
&#8211; Hỗ trợ đổi/trả trong vòng 7 ngày nếu sp bị lỗi sx hoặc giao sai mẫu, với điều kiện còn nguyên tag, chưa qua sử dụng. (<a href="https://www.sevenzia.vn/huong-dan-doi-tra-san-pham"><i>Xem thêm</i></a>)<br />
&#8211; Hàng SALE: không áp dụng đổi trả, trừ sp bị lỗi sx hoặc giao sai mẫu. (<a href="https://www.sevenzia.vn/huong-dan-don-hang-sale"><i>Xem thêm</i></a>)</p>
</div>
</div>
</div>
</div>
</div>
</div>
<div class="price-box"><span class="special-price"><span class="price product-price">266.000₫</span> </span><span class="old-price"><del class="price product-price-old sale">380.000₫</del></span></div>
</div>
<div class="product-summary product_description margin-bottom-0">
<div class="rte description rte-summary">
<p>&nbsp;</p>
<p>&nbsp;</p>
<p><strong>1. Thông tin sp:</strong><br />
&#8211; Chất liệu: Vải dù 100% polyester.<br />
&#8211; Logo cao su SLC được thêu ở ngực trái<br />
&#8211; Áo có lớp lót lưới bên trong, thoáng mát.<br />
&#8211; Zipper HKK chính hãng.</p>
<p><strong>2. Kích thước sp: </strong><br />
&#8211; Size 1: ~1m50-1m65, &lt;55kg<br />
&#8211; Size 2: ~1m65-1m80, &gt;55kg<br />
<em>*Vui lòng kéo đến hình cuối để xem số đo chi tiết.</em></p>
<p><strong>3. Hướng dẫn đổi trả:</strong><br />
&#8211; Hỗ trợ đổi/trả trong vòng 7 ngày nếu sp bị lỗi sx hoặc giao sai mẫu, với điều kiện còn nguyên tag, chưa qua sử dụng. (<a href="https://www.sevenzia.vn/huong-dan-doi-tra-san-pham"><i>Xem thêm</i></a>)<br />
&#8211; Hàng SALE: không áp dụng đổi trả, trừ sp bị lỗi sx hoặc giao sai mẫu. (<a href="https://www.sevenzia.vn/huong-dan-don-hang-sale"><i>Xem thêm</i></a>)</p>
</div>
</div>
<p><strong>:</strong><br />
&#8211; Chất liệu: Vải dù 100% polyester.<br />
&#8211; Logo cao su SLC được thêu ở ngực trái<br />
&#8211; Áo có lớp lót lưới bên trong, thoáng mát.<br />
&#8211; Zipper HKK chính hãng.</p>
<p><strong>2. Kích thước sp: </strong><br />
&#8211; Size 1: ~1m50-1m65, &lt;55kg<br />
&#8211; Size 2: ~1m65-1m80, &gt;55kg<br />
<em>*Vui lòng kéo đến hình cuối để xem số đo chi tiết.</em></p>
<p><strong>3. Hướng dẫn đổi trả:</strong><br />
&#8211; Hỗ trợ đổi/trả trong vòng 7 ngày nếu sp bị lỗi sx hoặc giao sai mẫu, với điều kiện còn nguyên tag, chưa qua sử dụng. (<a href="https://www.sevenzia.vn/huong-dan-doi-tra-san-pham"><i>Xem thêm</i></a>)<br />
&#8211; Hàng SALE: không áp dụng đổi trả, trừ sp bị lỗi sx hoặc giao sai mẫu. (<a href="https://www.sevenzia.vn/huong-dan-don-hang-sale"><i>Xem thêm</i></a>)</p>
</div>
</div>
]]></content:encoded>
					
					<wfw:commentRss>/2023/03/22/7zia-windbreaker-jacket-black-white/feed/</wfw:commentRss>
			<slash:comments>0</slash:comments>
		
		
			</item>
		<item>
		<title>Chào tất cả mọi người!</title>
		<link>/2023/03/15/chao-moi-nguoi/</link>
					<comments>/2023/03/15/chao-moi-nguoi/#comments</comments>
		
		<dc:creator><![CDATA[Giap Chi Cuong]]></dc:creator>
		<pubDate>Wed, 15 Mar 2023 00:35:17 +0000</pubDate>
				<category><![CDATA[Chưa phân loại]]></category>
		<guid isPermaLink="false">/?p=1</guid>

					<description><![CDATA[Cảm ơn vì đã sử dụng WordPress. Đây là bài viết đầu tiên của bạn. Sửa hoặc xóa nó, và bắt đầu [&#8230;]]]></description>
										<content:encoded><![CDATA[
<p>Cảm ơn vì đã sử dụng WordPress. Đây là bài viết đầu tiên của bạn. Sửa hoặc xóa nó, và bắt đầu bài viết của bạn nhé!</p>
]]></content:encoded>
					
					<wfw:commentRss>/2023/03/15/chao-moi-nguoi/feed/</wfw:commentRss>
			<slash:comments>1</slash:comments>
		
		
			</item>
	</channel>
</rss>
