<?xml version="1.0" encoding="UTF-8"?><rss version="2.0"
	xmlns:content="http://purl.org/rss/1.0/modules/content/"
	xmlns:dc="http://purl.org/dc/elements/1.1/"
	xmlns:atom="http://www.w3.org/2005/Atom"
	xmlns:sy="http://purl.org/rss/1.0/modules/syndication/"
	
	xmlns:georss="http://www.georss.org/georss"
	xmlns:geo="http://www.w3.org/2003/01/geo/wgs84_pos#"
	
	>
<channel>
	<title>
	Các phản hồi luận về: SEVENPLUS Lazy Puppy Tee Version 2 &#8211; Black	</title>
	<atom:link href="/san-pham/sevenplus-lazy-puppy-tee-version-2-black/feed/" rel="self" type="application/rss+xml" />
	<link>/san-pham/sevenplus-lazy-puppy-tee-version-2-black/</link>
	<description></description>
	<lastBuildDate>Wed, 22 Mar 2023 03:44:25 +0000</lastBuildDate>
	<sy:updatePeriod>
	hourly	</sy:updatePeriod>
	<sy:updateFrequency>
	1	</sy:updateFrequency>
	<generator>https://wordpress.org/?v=6.2</generator>
</channel>
</rss>
